Lagoon_ID,Date/Time,Level_(m),Temp(℃),Specific_cond.(uS/cm),Lagoon_ID,Date/Time,Level_(m),Temp(℃),Specific_cond. (uS/cm) at Pz-8 (deep),Date/Time,Specific_cond. (uS/cm) at Pz-6 (shallow)
SL,8/13/21 12:45,0.037495086,6.987,24123.70651,KL,8/5/19 0:45,-0.0296667,8.42,35509.145,8/5/19 1:13,42561.8111
SL,8/13/21 13:00,0.053419059,6.992,24159.0085,KL,8/5/19 0:50,-0.0326667,,,8/5/19 1:28,42870.5637
SL,8/13/21 13:15,0.063067004,7.008,24221.91327,KL,8/5/19 0:55,-0.0356667,,,8/5/19 1:43,44683.3931
SL,8/13/21 13:30,0.067695086,6.957,24392.62133,KL,8/5/19 1:00,-0.0386667,8.402,35687.07,8/5/19 1:58,44738.024
SL,8/13/21 13:45,0.079757015,6.986,24442.09967,KL,8/5/19 1:05,-0.037,,,8/5/19 2:13,44987.9952
SL,8/13/21 14:00,0.105145029,6.928,24424.17314,KL,8/5/19 1:10,-0.0353333,,,8/5/19 2:28,43660.2583
SL,8/13/21 14:15,0.102651022,6.953,24620.37993,KL,8/5/19 1:15,-0.0336667,8.239,36542.672,8/5/19 2:43,42955.0225
SL,8/13/21 14:30,0.111826936,7.02,24472.36102,KL,8/5/19 1:20,-0.038,,,8/5/19 2:58,42668.4636
SL,8/13/21 14:45,0.12971495,6.969,25058.33776,KL,8/5/19 1:25,-0.0423333,,,8/5/19 3:13,43000.2996
SL,8/13/21 15:00,0.137844916,6.949,25607.84375,KL,8/5/19 1:30,-0.0466667,8.295,36012.297,8/5/19 3:28,
SL,8/13/21 15:15,0.141072997,6.968,25782.65766,KL,8/5/19 1:35,-0.0473333,,,8/5/19 3:43,42461.0312
SL,8/13/21 15:30,0.153772884,6.985,25804.75223,KL,8/5/19 1:40,-0.048,,,8/5/19 3:58,42616.0527
SL,8/13/21 15:45,0.165926936,6.974,25845.53074,KL,8/5/19 1:45,-0.0486667,8.2,36611.68,8/5/19 4:13,42659.6702
SL,8/13/21 16:00,0.186316834,6.958,25878.96614,KL,8/5/19 1:50,-0.0483333,,,8/5/19 4:28,42738.844
SL,8/13/21 16:15,0.18598487,7.133,22018.33007,KL,8/5/19 1:55,-0.048,,,8/5/19 4:43,42998.2047
SL,8/13/21 16:30,0.196894859,7.143,21912.85817,KL,8/5/19 2:00,-0.0476667,8.202,36223.922,8/5/19 4:58,42883.693
SL,8/13/21 16:45,0.201028821,7.138,21816.38559,KL,8/5/19 2:05,-0.0486667,,,8/5/19 5:13,42966.6867
SL,8/13/21 17:00,0.211282759,7.164,21745.89603,KL,8/5/19 2:10,-0.0496667,,,8/5/19 5:28,43146.3707
SL,8/13/21 17:15,0.216132816,7.171,21478.66091,KL,8/5/19 2:15,-0.0506667,8.302,36278.57,8/5/19 5:43,43431.5789
SL,8/13/21 17:30,0.218330705,7.152,21229.00597,KL,8/5/19 2:20,-0.0573333,,,8/5/19 5:58,43558.3007
SL,8/13/21 17:45,0.223154678,7.184,21317.73552,KL,8/5/19 2:25,-0.064,,,8/5/19 6:13,43426.373
SL,8/13/21 18:00,0.222788639,7.195,21190.40224,KL,8/5/19 2:30,-0.0706667,8.447,36284.91,8/5/19 6:28,43510.9907
SL,8/13/21 18:15,0.219066664,7.22,21138.42334,KL,8/5/19 2:35,-0.065,,,8/5/19 6:43,42765.5068
SL,8/13/21 18:30,0.212120603,7.273,21093.17386,KL,8/5/19 2:40,-0.0593333,,,8/5/19 6:58,42015.4452
SL,8/13/21 18:45,0.214806619,7.314,21071.05279,KL,8/5/19 2:45,-0.0536667,8.372,36256.063,8/5/19 7:13,42048.9064
SL,8/13/21 19:00,0.228766551,7.315,21074.7331,KL,8/5/19 2:50,-0.0513333,,,8/5/19 7:28,42061.9335
SL,8/13/21 19:15,0.228510501,7.339,21047.34222,KL,8/5/19 2:55,-0.049,,,8/5/19 7:43,42082.7045
SL,8/13/21 19:30,0.222756449,7.332,20962.04998,KL,8/5/19 3:00,-0.0466667,8.425,36188.551,8/5/19 7:58,41331.9175
SL,8/13/21 19:45,0.27342049,7.321,20963.76969,KL,8/5/19 3:05,-0.0456667,,,8/5/19 8:13,40706.1126
SL,8/13/21 20:00,0.19368453,7.316,20972.89268,KL,8/5/19 3:10,-0.0446667,,,8/5/19 8:28,40706.3253
SL,8/13/21 20:15,0.185682419,7.301,20916.53509,KL,8/5/19 3:15,-0.0436667,8.442,36141.469,8/5/19 8:43,40156.7209
SL,8/13/21 20:30,0.170948345,7.293,20894.31146,KL,8/5/19 3:20,-0.0406667,,,8/5/19 8:58,39927.6673
SL,8/13/21 20:45,0.151106392,7.289,20892.40918,KL,8/5/19 3:25,-0.0376667,,,8/5/19 9:13,39900.6323
SL,8/13/21 21:00,0.181146347,7.287,20857.31099,KL,8/5/19 3:30,-0.0346667,8.447,36110.578,8/5/19 9:28,40139.9759
SL,8/13/21 21:15,0.139816381,7.266,20826.72163,KL,8/5/19 3:35,-0.031,,,8/5/19 9:43,41108.6041
SL,8/13/21 21:30,0.117816268,7.244,20793.79109,KL,8/5/19 3:40,-0.0273333,,,8/5/19 9:58,40984.3703
SL,8/13/21 21:45,0.11782637,7.226,20788.0283,KL,8/5/19 3:45,-0.0236667,8.369,37009.289,8/5/19 10:13,40861.3445
SL,8/13/21 22:00,0.086358333,7.208,20792.03924,KL,8/5/19 3:50,-0.02,,,8/5/19 10:28,40060.1142
SL,8/13/21 22:15,0.122316268,7.202,20774.95187,KL,8/5/19 3:55,-0.0163333,,,8/5/19 10:43,39786.7868
SL,8/13/21 22:30,0.140478311,7.153,20783.90819,KL,8/5/19 4:00,-0.0126667,8.381,36504.082,8/5/19 10:58,39547.0906
SL,8/13/21 22:45,0.148700286,7.187,20917.60649,KL,8/5/19 4:05,-0.006,,,8/5/19 11:13,39219.6879
SL,8/13/21 23:00,0.14757032,7.151,20949.11511,KL,8/5/19 4:10,0.00066667,,,8/5/19 11:28,38973.8974
SL,8/13/21 23:15,0.147762329,7.1,20900.62305,KL,8/5/19 4:15,0.00733333,8.327,37220.305,8/5/19 11:43,38669.0647
SL,8/13/21 23:30,0.147982306,7.065,20816.15469,KL,8/5/19 4:20,0.01133333,,,8/5/19 11:58,38406.1005
SL,8/13/21 23:45,0.158772317,7.055,20788.8005,KL,8/5/19 4:25,0.01533333,,,8/5/19 12:13,38458.0972
SL,8/14/21 0:00,0.165494292,7.041,20237.82029,KL,8/5/19 4:30,0.01933333,8.361,36882.363,8/5/19 12:28,38507.6832
SL,8/14/21 0:15,0.182402283,7.037,20264.22574,KL,8/5/19 4:35,0.022,,,8/5/19 12:43,38212.9278
SL,8/14/21 0:30,0.189082306,6.965,22086.8137,KL,8/5/19 4:40,0.02466667,,,8/5/19 12:58,37745.5552
SL,8/14/21 0:45,0.200690297,6.895,24179.80875,KL,8/5/19 4:45,0.02733333,8.371,37784.086,8/5/19 13:13,36867.7326
SL,8/14/21 1:00,0.225130252,6.905,21329.25874,KL,8/5/19 4:50,0.03166667,,,8/5/19 13:28,38257.971
SL,8/14/21 1:15,0.239822261,6.904,22533.06795,KL,8/5/19 4:55,0.036,,,8/5/19 13:43,38325.1374
SL,8/14/21 1:30,0.254710274,6.888,22544.06046,KL,8/5/19 5:00,0.04033333,8.299,37649.926,8/5/19 13:58,38552.9378
SL,8/14/21 1:45,0.271924258,6.89,21439.79304,KL,8/5/19 5:05,0.04433333,,,8/5/19 14:13,38509.7254
SL,8/14/21 2:00,0.288282306,6.821,21821.43867,KL,8/5/19 5:10,0.04833333,,,8/5/19 14:28,
SL,8/14/21 2:15,0.300694292,6.841,23719.1043,KL,8/5/19 5:15,0.05233333,8.25,36814.41,8/5/19 14:43,38742.2535
SL,8/14/21 2:30,0.33484024,6.836,24144.83603,KL,8/5/19 5:20,0.05666667,,,8/5/19 14:58,38813.512
SL,8/14/21 2:45,0.347768209,6.855,24683.25224,KL,8/5/19 5:25,0.061,,,8/5/19 15:13,38818.3079
SL,8/14/21 3:00,0.3852641,6.829,24850.45085,KL,8/5/19 5:30,0.06533333,8.327,37147.793,8/5/19 15:28,38813.4184
SL,8/14/21 3:15,0.385300172,6.815,25236.05218,KL,8/5/19 5:35,0.065,,,8/5/19 15:43,38972.9654
SL,8/14/21 3:30,0.397014156,6.689,25964.68806,KL,8/5/19 5:40,0.06466667,,,8/5/19 15:58,38742.025
SL,8/14/21 3:45,0.415354111,6.646,26226.53732,KL,8/5/19 5:45,0.06433333,8.414,37237.676,8/5/19 16:13,38615.1724
SL,8/14/21 4:00,0.411572091,6.605,26494.542,KL,8/5/19 5:50,0.074,,,8/5/19 16:28,38801.8498
SL,8/14/21 4:15,0.413872204,6.597,26545.55812,KL,8/5/19 5:55,0.08366667,,,8/5/19 16:43,37180.2407
SL,8/14/21 4:30,0.422696064,6.594,26431.75919,KL,8/5/19 6:00,0.09333333,8.33,37096.445,8/5/19 16:58,38706.5583
SL,8/14/21 4:45,0.425644122,6.595,26231.84048,KL,8/5/19 6:05,0.09566667,,,8/5/19 17:13,
SL,8/14/21 5:00,0.425588073,6.58,26179.70234,KL,8/5/19 6:10,0.098,,,8/5/19 17:28,38480.055
SL,8/14/21 5:15,0.419888073,6.569,26342.45621,KL,8/5/19 6:15,0.10033333,8.251,37001.836,8/5/19 17:43,38234.8901
SL,8/14/21 5:30,0.42002603,6.598,26254.50978,KL,8/5/19 6:20,0.106,,,8/5/19 17:58,
SL,8/14/21 5:45,0.433204054,6.558,26457.31669,KL,8/5/19 6:25,0.11166667,,,8/5/19 18:13,
SL,8/14/21 6:00,0.431406052,6.513,26872.40187,KL,8/5/19 6:30,0.11733333,8.096,36971.984,8/5/19 18:28,38080.8081
SL,8/14/21 6:15,0.445710048,6.495,26942.84807,KL,8/5/19 6:35,0.12133333,,,8/5/19 18:43,37721.2628
SL,8/14/21 6:30,0.445661989,6.487,26908.08905,KL,8/5/19 6:40,0.12533333,,,8/5/19 18:58,37604.195
SL,8/14/21 6:45,0.445506052,6.474,26907.924,KL,8/5/19 6:45,0.12933333,7.914,36115.832,8/5/19 19:13,37920.683
SL,8/14/21 7:00,0.441083964,6.482,27012.10215,KL,8/5/19 6:50,0.13233333,,,8/5/19 19:28,37621.3326
SL,8/14/21 7:15,0.447085962,6.475,26945.67117,KL,8/5/19 6:55,0.13533333,,,8/5/19 19:43,37747.101
SL,8/14/21 7:30,0.437105939,6.474,26912.8487,KL,8/5/19 7:00,0.13833333,7.941,35741.801,8/5/19 19:58,37879.0814
SL,8/14/21 7:45,0.433881853,6.489,27063.1014,KL,8/5/19 7:05,0.13966667,,,8/5/19 20:13,37805.5863
SL,8/14/21 8:00,0.418967982,6.493,27191.91566,KL,8/5/19 7:10,0.141,,,8/5/19 20:28,37792.4058
SL,8/14/21 8:15,0.416373975,6.488,27137.00457,KL,8/5/19 7:15,0.14233333,7.957,35765.086,8/5/19 20:43,37806.165
SL,8/14/21 8:30,0.402535905,6.489,27179.49125,KL,8/5/19 7:20,0.14266667,,,8/5/19 20:58,37937.4826
SL,8/14/21 8:45,0.423951887,6.49,27133.85202,KL,8/5/19 7:25,0.143,,,8/5/19 21:13,38022.995
SL,8/14/21 9:00,0.437803941,6.501,27136.91629,KL,8/5/19 7:30,0.14333333,7.988,35844.137,8/5/19 21:28,38958.6265
SL,8/14/21 9:15,0.398937903,6.521,27163.63694,KL,8/5/19 7:35,0.14666667,,,8/5/19 21:43,37886.5688
SL,8/14/21 9:30,0.417111932,6.537,27112.28081,KL,8/5/19 7:40,0.15,,,8/5/19 21:58,38055.1627
SL,8/14/21 9:45,0.375687846,6.569,27084.48161,KL,8/5/19 7:45,0.15333333,7.898,35678.883,8/5/19 22:13,37971.3231
SL,8/14/21 10:00,0.406153884,6.578,27068.8454,KL,8/5/19 7:50,0.154,,,8/5/19 22:28,37991.7332
SL,8/14/21 10:15,0.38975788,6.595,27039.08846,KL,8/5/19 7:55,0.15466667,,,8/5/19 22:43,38355.282
SL,8/14/21 10:30,0.376525916,6.615,27010.27993,KL,8/5/19 8:00,0.15533333,7.926,35131.594,8/5/19 22:58,39318.7034
SL,8/14/21 10:45,0.372489957,6.642,26973.32659,KL,8/5/19 8:05,0.15333333,,,8/5/19 23:13,39163.7881
SL,8/14/21 11:00,0.382609934,6.697,26934.4102,KL,8/5/19 8:10,0.15133333,,,8/5/19 23:28,39699.422
SL,8/14/21 11:15,0.384997948,6.74,26893.50977,KL,8/5/19 8:15,0.14933333,7.988,34820.344,8/5/19 23:43,40424.7608
SL,8/14/21 11:30,0.394335905,6.788,26848.1817,KL,8/5/19 8:20,0.148,,,8/5/19 23:58,41174.0773
SL,8/14/21 11:45,0.401181966,6.82,26865.022,KL,8/5/19 8:25,0.14666667,,,8/6/19 0:13,41635.9918
SL,8/14/21 12:00,0.387565871,6.888,26875.3136,KL,8/5/19 8:30,0.14533333,7.997,34382.91,8/6/19 0:28,41820.716
SL,8/14/21 12:15,0.386359878,6.989,26881.7406,KL,8/5/19 8:35,0.142,,,8/6/19 0:43,42388.2353
SL,8/14/21 12:30,0.409311819,6.908,26271.46797,KL,8/5/19 8:40,0.13866667,,,8/6/19 0:58,42540.5246
SL,8/14/21 12:45,0.406991841,6.993,25386.02194,KL,8/5/19 8:45,0.13533333,8.016,33965.867,8/6/19 1:13,42748.8922
SL,8/14/21 13:00,0.398197835,7.082,24245.68294,KL,8/5/19 8:50,0.133,,,8/6/19 1:28,43230.0885
SL,8/14/21 13:15,0.432371864,7.136,23989.91785,KL,8/5/19 8:55,0.13066667,,,8/6/19 1:43,43361.916
SL,8/14/21 13:30,0.419327801,7.177,23326.91053,KL,8/5/19 9:00,0.12833333,7.993,33911.289,8/6/19 1:58,43283.6482
SL,8/14/21 13:45,0.419141785,7.152,22424.11048,KL,8/5/19 9:05,0.12633333,,,8/6/19 2:13,43408.8889
SL,8/14/21 14:00,0.445315701,7.218,22294.05922,KL,8/5/19 9:10,0.12433333,,,8/6/19 2:28,37001.4837
SL,8/14/21 14:15,0.447261762,7.185,22055.77132,KL,8/5/19 9:15,0.12233333,7.996,34254.254,8/6/19 2:43,37188.2423
SL,8/14/21 14:30,0.465859651,7.339,22261.20165,KL,8/5/19 9:20,0.11866667,,,8/6/19 2:58,36951.8001
SL,8/14/21 14:45,0.476257767,7.409,22069.33259,KL,8/5/19 9:25,0.115,,,8/6/19 3:13,37304.9434
SL,8/14/21 15:00,0.473913816,7.379,21981.68566,KL,8/5/19 9:30,0.11133333,8.007,34445.539,8/6/19 3:28,37858.6341
SL,8/14/21 15:15,0.501611819,7.356,21283.0696,KL,8/5/19 9:35,0.10766667,,,8/6/19 3:43,37282.5112
SL,8/14/21 15:30,0.489699832,7.498,21887.65462,KL,8/5/19 9:40,0.104,,,8/6/19 3:58,37521.6871
SL,8/14/21 15:45,0.496905712,7.51,21352.81452,KL,8/5/19 9:45,0.10033333,8.081,35965.715,8/6/19 4:13,38250.9733
SL,8/14/21 16:00,0.494647778,7.536,21736.99902,KL,8/5/19 9:50,0.09633333,,,8/6/19 4:28,37761.976
SL,8/14/21 16:15,0.498847778,7.553,21781.24904,KL,8/5/19 9:55,0.09233333,,,8/6/19 4:43,36784.6476
SL,8/14/21 16:30,0.502949662,7.579,21770.00522,KL,8/5/19 10:00,0.08833333,8.112,35913.629,8/6/19 4:58,38030.0774
SL,8/14/21 16:45,0.499505712,7.555,21718.01567,KL,8/5/19 10:05,0.085,,,8/6/19 5:13,36977.9236
SL,8/14/21 17:00,0.505315701,7.676,21894.35671,KL,8/5/19 10:10,0.08166667,,,8/6/19 5:28,37534.2466
SL,8/14/21 17:15,0.501367642,7.731,21922.33662,KL,8/5/19 10:15,0.07833333,8.136,35029.711,8/6/19 5:43,36603.1557
SL,8/14/21 17:30,0.504467642,7.636,21523.62422,KL,8/5/19 10:20,0.075,,,8/6/19 5:58,38167.4141
SL,8/14/21 17:45,0.50349561,7.592,21127.2705,KL,8/5/19 10:25,0.07166667,,,8/6/19 6:13,39298.298
SL,8/14/21 18:00,0.496915588,7.448,20835.95291,KL,8/5/19 10:30,0.06833333,8.128,34353.117,8/6/19 6:28,38611.691
SL,8/14/21 18:15,0.485497495,7.463,20816.31396,KL,8/5/19 10:35,0.064,,,8/6/19 6:43,39221.7262
SL,8/14/21 18:30,0.474031569,7.448,20441.62968,KL,8/5/19 10:40,0.05966667,,,8/6/19 6:58,39147.795
SL,8/14/21 18:45,0.460887506,7.448,20302.63807,KL,8/5/19 10:45,0.05533333,8.103,33945.355,8/6/19 7:13,39181.6278
SL,8/14/21 19:00,0.456097495,7.416,19685.18633,KL,8/5/19 10:50,0.05366667,,,8/6/19 7:28,38723.8494
SL,8/14/21 19:15,0.437579515,7.3,21076.62539,KL,8/5/19 10:55,0.052,,,8/6/19 7:43,38791.5046
SL,8/14/21 19:30,0.423507483,7.418,19950.02776,KL,8/5/19 11:00,0.05033333,8.109,33636.465,8/6/19 7:58,39042.4261
SL,8/14/21 19:45,0.407941445,7.381,19496.46398,KL,8/5/19 11:05,0.04566667,,,8/6/19 8:13,39200.1787
SL,8/14/21 20:00,0.39690737,7.341,19215.54683,KL,8/5/19 11:10,0.041,,,8/6/19 8:28,38796.0761
SL,8/14/21 20:15,0.384163306,7.31,18938.56391,KL,8/5/19 11:15,0.03633333,8.168,34036.344,8/6/19 8:43,38949.5549
SL,8/14/21 20:30,0.360007257,7.28,18849.75217,KL,8/5/19 11:20,0.032,,,8/6/19 8:58,37825.1852
SL,8/14/21 20:45,0.352865304,7.293,18862.29214,KL,8/5/19 11:25,0.02766667,,,8/6/19 9:13,38192.7176
SL,8/14/21 21:00,0.330423238,7.31,19054.62705,KL,8/5/19 11:30,0.02333333,8.134,33330.777,8/6/19 9:28,39231.3389
SL,8/14/21 21:15,0.323835225,7.359,19259.86588,KL,8/5/19 11:35,0.02133333,,,8/6/19 9:43,38610.782
SL,8/14/21 21:30,0.309547211,7.383,19271.06815,KL,8/5/19 11:40,0.01933333,,,8/6/19 9:58,38782.5829
SL,8/14/21 21:45,0.300377177,7.382,19317.21327,KL,8/5/19 11:45,0.01733333,8.177,33333.59,8/6/19 10:13,38252.8156
SL,8/14/21 22:00,0.289441218,7.387,19262.20397,KL,8/5/19 11:50,0.01233333,,,8/6/19 10:28,38433.61
SL,8/14/21 22:15,0.283531229,7.392,19261.70042,KL,8/5/19 11:55,0.00733333,,,8/6/19 10:43,39120.9606
SL,8/14/21 22:30,0.272677177,7.369,19286.04529,KL,8/5/19 12:00,0.00233333,8.259,33194.918,8/6/19 10:58,39013.373
SL,8/14/21 22:45,0.256063193,7.377,19343.05217,KL,8/5/19 12:05,-0.003,,,8/6/19 11:13,39198.6322
SL,8/14/21 23:00,0.242469186,7.368,19374.38211,KL,8/5/19 12:10,-0.0083333,,,8/6/19 11:28,39469.4486
SL,8/14/21 23:15,0.232515248,7.355,19445.52619,KL,8/5/19 12:15,-0.0136667,8.262,33001.668,8/6/19 11:43,38719.8571
SL,8/14/21 23:30,0.228669073,7.339,19588.73187,KL,8/5/19 12:20,-0.0173333,,,8/6/19 11:58,38596.4392
SL,8/14/21 23:45,0.220975066,7.353,19485.36457,KL,8/5/19 12:25,-0.021,,,8/6/19 12:13,37518.4529
SL,8/15/21 0:00,0.213461082,7.335,19429.87475,KL,8/5/19 12:30,-0.0246667,8.348,33026.82,8/6/19 12:28,37502.9446
SL,8/15/21 0:15,0.199635112,7.322,19472.8049,KL,8/5/19 12:35,-0.0276667,,,8/6/19 12:43,37891.5663
SL,8/15/21 0:30,0.192553204,7.236,19847.53071,KL,8/5/19 12:40,-0.0306667,,,8/6/19 12:58,37464.7474
SL,8/15/21 0:45,0.191323125,7.225,19998.75873,KL,8/5/19 12:45,-0.0336667,8.453,33015.82,8/6/19 13:13,37400.7589
SL,8/15/21 1:00,0.189967075,7.18,20304.69236,KL,8/5/19 12:50,-0.0386667,,,8/6/19 13:28,42318.8827
SL,8/15/21 1:15,0.194129118,7.12,21549.8132,KL,8/5/19 12:55,-0.0436667,,,8/6/19 13:43,41619.0064
SL,8/15/21 1:30,0.196729118,7.077,21653.05359,KL,8/5/19 13:00,-0.0486667,8.649,32908.941,8/6/19 13:58,41178.4996
SL,8/15/21 1:45,0.206685168,7.158,21379.90547,KL,8/5/19 13:05,-0.0536667,,,8/6/19 14:13,41154.397
SL,8/15/21 2:00,0.221061082,7.12,21337.79577,KL,8/5/19 13:10,-0.0586667,,,8/6/19 14:28,41031.8143
SL,8/15/21 2:15,0.22928905,7.126,21504.07769,KL,8/5/19 13:15,-0.0636667,8.742,32790.172,8/6/19 14:43,40536.1739
SL,8/15/21 2:30,0.239573068,7.119,21288.33401,KL,8/5/19 13:20,-0.066,,,8/6/19 14:58,40509.0077
SL,8/15/21 2:45,0.267499152,7.105,21364.89643,KL,8/5/19 13:25,-0.0683333,,,8/6/19 15:13,40491.4286
SL,8/15/21 3:00,0.298925123,7.083,21373.46882,KL,8/5/19 13:30,-0.0706667,8.771,32878.32,8/6/19 15:28,40487.0407
SL,8/15/21 3:15,0.311915134,7.062,21368.75429,KL,8/5/19 13:35,-0.073,,,8/6/19 15:43,40308.0636
SL,8/15/21 3:30,0.362031116,7.048,21396.96705,KL,8/5/19 13:40,-0.0753333,,,8/6/19 15:58,40214.0629
SL,8/15/21 3:45,0.32711913,7.018,21383.44056,KL,8/5/19 13:45,-0.0776667,8.775,32946.145,8/6/19 16:13,39890.6871
SL,8/15/21 4:00,0.330937109,7.01,21658.388,KL,8/5/19 13:50,-0.0796667,,,8/6/19 16:28,39383.3286
SL,8/15/21 4:15,0.348193159,6.999,21348.47964,KL,8/5/19 13:55,-0.0816667,,,8/6/19 16:43,39033.1727
SL,8/15/21 4:30,0.356911139,6.985,21634.35986,KL,8/5/19 14:00,-0.0836667,8.862,33024.484,8/6/19 16:58,38691.4561
SL,8/15/21 4:45,0.370785168,6.975,21329.00704,KL,8/5/19 14:05,-0.086,,,8/6/19 17:13,39251.3521
SL,8/15/21 5:00,0.387249209,6.962,21646.48645,KL,8/5/19 14:10,-0.0883333,,,8/6/19 17:28,40831.4351
SL,8/15/21 5:15,0.4094572,6.953,21626.60783,KL,8/5/19 14:15,-0.0906667,8.929,33042.078,8/6/19 17:43,41316.2393
SL,8/15/21 5:30,0.405793159,6.929,21651.94651,KL,8/5/19 14:20,-0.094,,,8/6/19 17:58,40927.2468
SL,8/15/21 5:45,0.411671184,6.932,21392.64687,KL,8/5/19 14:25,-0.0973333,,,8/6/19 18:13,38668.0912
SL,8/15/21 6:00,0.417055202,6.943,21468.39683,KL,8/5/19 14:30,-0.1006667,9.025,33047.297,8/6/19 18:28,38579.5779
SL,8/15/21 6:15,0.430459198,6.947,21440.04132,KL,8/5/19 14:35,-0.102,,,8/6/19 18:43,38539.2938
SL,8/15/21 6:30,0.434103148,6.97,21421.95809,KL,8/5/19 14:40,-0.1033333,,,8/6/19 18:58,38761.0619
SL,8/15/21 6:45,0.448923238,7.003,21402.52476,KL,8/5/19 14:45,-0.1046667,9.2,33027.199,8/6/19 19:13,38520.6847
SL,8/15/21 7:00,0.478187166,7.02,21368.51968,KL,8/5/19 14:50,-0.106,,,8/6/19 19:28,38288.1598
SL,8/15/21 7:15,0.440433227,7.036,21302.75315,KL,8/5/19 14:55,-0.1073333,,,8/6/19 19:43,38211.127
SL,8/15/21 7:30,0.459833227,7.036,21300.72419,KL,8/5/19 15:00,-0.1086667,9.458,32987.289,8/6/19 19:58,38609.1298
SL,8/15/21 7:45,0.481051207,7.042,21306.87847,KL,8/5/19 15:05,-0.108,,,8/6/19 20:13,38429.0203
SL,8/15/21 8:00,0.491253204,7.058,21269.106,KL,8/5/19 15:10,-0.1073333,,,8/6/19 20:28,38187.1429
SL,8/15/21 8:15,0.476533227,7.075,21250.66251,KL,8/5/19 15:15,-0.1066667,9.506,33028.367,8/6/19 20:43,38292.8224
SL,8/15/21 8:30,0.465581173,7.079,21304.74765,KL,8/5/19 15:20,-0.1106667,,,8/6/19 20:58,38103.9931
SL,8/15/21 8:45,0.481509141,7.096,21357.49003,KL,8/5/19 15:25,-0.1146667,,,8/6/19 21:13,37727.142
SL,8/15/21 9:00,0.459741218,7.138,21361.62798,KL,8/5/19 15:30,-0.1186667,9.818,33019.914,8/6/19 21:28,37420.1439
SL,8/15/21 9:15,0.460349209,7.168,21334.86695,KL,8/5/19 15:35,-0.1143333,,,,
SL,8/15/21 9:30,0.458973182,7.219,21349.0487,KL,8/5/19 15:40,-0.11,,,,
SL,8/15/21 9:45,0.441427234,7.241,21357.278,KL,8/5/19 15:45,-0.1056667,9.838,33027.41,,
SL,8/15/21 10:00,0.445407257,7.236,21343.06366,KL,8/5/19 15:50,-0.1033333,,,,
SL,8/15/21 10:15,0.427823352,7.289,21384.52724,KL,8/5/19 15:55,-0.101,,,,
SL,8/15/21 10:30,0.421679288,7.333,21363.77695,KL,8/5/19 16:00,-0.0986667,9.709,32977.703,,
SL,8/15/21 10:45,0.413677404,7.263,21386.57285,KL,8/5/19 16:05,-0.099,,,,
SL,8/15/21 11:00,0.40760737,7.299,21392.30317,KL,8/5/19 16:10,-0.0993333,,,,
SL,8/15/21 11:15,0.397229345,7.3,21392.26006,KL,8/5/19 16:15,-0.0996667,9.797,32955.348,,
SL,8/15/21 11:30,0.405009368,7.353,21368.18842,KL,8/5/19 16:20,-0.0986667,,,,
SL,8/15/21 11:45,0.408869413,7.376,21365.6721,KL,8/5/19 16:25,-0.0976667,,,,
SL,8/15/21 12:00,0.414553318,7.385,21102.82538,KL,8/5/19 16:30,-0.0966667,9.881,33067.688,,
SL,8/15/21 12:15,0.417475406,7.376,21076.87793,KL,8/5/19 16:35,-0.0956667,,,,
SL,8/15/21 12:30,0.399309481,7.394,21396.55492,KL,8/5/19 16:40,-0.0946667,,,,
SL,8/15/21 12:45,0.400353544,7.423,21051.41412,KL,8/5/19 16:45,-0.0936667,10.087,32994.551,,
SL,8/15/21 13:00,0.403515474,7.457,21070.03112,KL,8/5/19 16:50,-0.095,,,,
SL,8/15/21 13:15,0.407335452,7.441,21085.20083,KL,8/5/19 16:55,-0.0963333,,,,
SL,8/15/21 13:30,0.429939447,7.428,21116.78179,KL,8/5/19 17:00,-0.0976667,10.171,32932.496,,
SL,8/15/21 13:45,0.406505599,7.417,21119.62859,KL,8/5/19 17:05,-0.0956667,,,,
SL,8/15/21 14:00,0.441535565,7.41,21139.30886,KL,8/5/19 17:10,-0.0936667,,,,
SL,8/15/21 14:15,0.421575633,7.416,21164.08564,KL,8/5/19 17:15,-0.0916667,10.374,32935.328,,
SL,8/15/21 14:30,0.425047665,7.424,21175.82655,KL,8/5/19 17:20,-0.0893333,,,,
SL,8/15/21 14:45,0.406827687,7.443,21176.06263,KL,8/5/19 17:25,-0.087,,,,
SL,8/15/21 15:00,0.428145667,7.462,21153.04048,KL,8/5/19 17:30,-0.0846667,10.378,32904.566,,
SL,8/15/21 15:15,0.416295724,7.491,21138.77689,KL,8/5/19 17:35,-0.0806667,,,,
SL,8/15/21 15:30,0.44513368,7.567,21111.09405,KL,8/5/19 17:40,-0.0766667,,,,
SL,8/15/21 15:45,0.422241785,7.611,21042.28635,KL,8/5/19 17:45,-0.0726667,10.34,32935.605,,
SL,8/15/21 16:00,0.436809821,7.622,21021.3966,KL,8/5/19 17:50,-0.0723333,,,,
SL,8/15/21 16:15,0.461351773,7.678,20880.25583,KL,8/5/19 17:55,-0.072,,,,
SL,8/15/21 16:30,0.433533794,7.734,20835.21721,KL,8/5/19 18:00,-0.0716667,10.241,32924.82,,
SL,8/15/21 16:45,0.447639787,7.774,20639.53134,KL,8/5/19 18:05,-0.0713333,,,,
SL,8/15/21 17:00,0.506705939,7.778,20684.75807,KL,8/5/19 18:10,-0.071,,,,
SL,8/15/21 17:15,0.506477971,7.775,20569.33638,KL,8/5/19 18:15,-0.0706667,10.161,33008.422,,
SL,8/15/21 17:30,0.526829912,7.762,20470.66724,KL,8/5/19 18:20,-0.071,,,,
SL,8/15/21 17:45,0.49500805,7.75,20483.96947,KL,8/5/19 18:25,-0.0713333,,,,
SL,8/15/21 18:00,0.395174088,7.737,20480.64881,KL,8/5/19 18:30,-0.0716667,10.201,33103.172,,
SL,8/15/21 18:15,0.465292068,7.739,20256.11656,KL,8/5/19 18:35,-0.073,,,,
SL,8/15/21 18:30,0.466756109,7.754,20098.91922,KL,8/5/19 18:40,-0.0743333,,,,
SL,8/15/21 18:45,0.468078197,7.767,20095.67553,KL,8/5/19 18:45,-0.0756667,10.46,33127.547,,
SL,8/15/21 19:00,0.491908163,7.758,20121.19177,KL,8/5/19 18:50,-0.0793333,,,,
SL,8/15/21 19:15,0.457098288,7.753,20104.87589,KL,8/5/19 18:55,-0.083,,,,
SL,8/15/21 19:30,0.445808277,7.752,20062.74426,KL,8/5/19 19:00,-0.0866667,10.535,33068.539,,
SL,8/15/21 19:45,0.465646347,7.73,20093.33944,KL,8/5/19 19:05,-0.0716667,,,,
SL,8/15/21 20:00,0.460630365,7.727,20072.57005,KL,8/5/19 19:10,-0.0566667,,,,
SL,8/15/21 20:15,0.42860839,7.71,20052.88902,KL,8/5/19 19:15,-0.0416667,10.34,33229.988,,
SL,8/15/21 20:30,0.44709041,7.688,20053.99535,KL,8/5/19 19:20,-0.0623333,,,,
SL,8/15/21 20:45,0.441726483,7.635,20029.56948,KL,8/5/19 19:25,-0.083,,,,
SL,8/15/21 21:00,0.434856449,7.59,20019.94477,KL,8/5/19 19:30,-0.1036667,10.07,33408.793,,
SL,8/15/21 21:15,0.415642465,7.642,20019.45346,KL,8/5/19 19:35,-0.0926667,,,,
SL,8/15/21 21:30,0.409034474,7.601,20036.65532,KL,8/5/19 19:40,-0.0816667,,,,
SL,8/15/21 21:45,0.396734474,7.604,20040.02576,KL,8/5/19 19:45,-0.0706667,10.141,33395.52,,
SL,8/15/21 22:00,0.376944462,7.588,20182.88941,KL,8/5/19 19:50,-0.076,,,,
SL,8/15/21 22:15,0.365752453,7.569,20234.27185,KL,8/5/19 19:55,-0.0813333,,,,
SL,8/15/21 22:30,0.357966551,7.54,20257.06822,KL,8/5/19 20:00,-0.0866667,10.301,33249.078,,
SL,8/15/21 22:45,0.345082533,7.503,20271.66723,KL,8/5/19 20:05,-0.0883333,,,,
SL,8/15/21 23:00,0.333592521,7.487,20300.42786,KL,8/5/19 20:10,-0.09,,,,
SL,8/15/21 23:15,0.331418492,7.465,20326.04343,KL,8/5/19 20:15,-0.0916667,10.35,33271.91,,
SL,8/15/21 23:30,0.330306506,7.452,20332.33699,KL,8/5/19 20:20,-0.095,,,,
SL,8/15/21 23:45,0.337768435,7.432,20343.17958,KL,8/5/19 20:25,-0.0983333,,,,
SL,8/16/21 0:00,0.336136472,7.308,21209.29801,KL,8/5/19 20:30,-0.1016667,10.523,33080.801,,
SL,8/16/21 0:15,0.328312499,7.239,21720.74196,KL,8/5/19 20:35,-0.1076667,,,,
SL,8/16/21 0:30,0.318840467,7.164,22134.52929,KL,8/5/19 20:40,-0.1136667,,,,
SL,8/16/21 0:45,0.319842465,7.122,22238.49698,KL,8/5/19 20:45,-0.1196667,10.576,33018.203,,
SL,8/16/21 1:00,0.313718492,7.057,22546.40172,KL,8/5/19 20:50,-0.1126667,,,,
SL,8/16/21 1:15,0.31170251,6.981,23475.65742,KL,8/5/19 20:55,-0.1056667,,,,
SL,8/16/21 1:30,0.324512499,6.935,24040.39455,KL,8/5/19 21:00,-0.0986667,10.433,33145.586,,
SL,8/16/21 1:45,0.321216494,6.891,24517.26192,KL,8/5/19 21:05,-0.1026667,,,,
SL,8/16/21 2:00,0.320964553,6.884,24566.71058,KL,8/5/19 21:10,-0.1066667,,,,
SL,8/16/21 2:15,0.339662442,6.877,24618.69059,KL,8/5/19 21:15,-0.1106667,10.29,33326.492,,
SL,8/16/21 2:30,0.351006506,6.824,25218.38864,KL,8/5/19 21:20,-0.1053333,,,,
SL,8/16/21 2:45,0.389268549,6.807,25322.7277,KL,8/5/19 21:25,-0.1,,,,
SL,8/16/21 3:00,0.383474542,6.775,25067.66326,KL,8/5/19 21:30,-0.0946667,10.216,33448.313,,
SL,8/16/21 3:15,0.410882533,6.747,24912.74766,KL,8/5/19 21:35,-0.0993333,,,,
SL,8/16/21 3:30,0.40837654,6.695,24867.48699,KL,8/5/19 21:40,-0.104,,,,
SL,8/16/21 3:45,0.435092521,6.658,24898.60383,KL,8/5/19 21:45,-0.1086667,10.172,33481.074,,
SL,8/16/21 4:00,0.424770546,6.594,24911.21732,KL,8/5/19 21:50,-0.107,,,,
SL,8/16/21 4:15,0.415604621,6.624,24965.05818,KL,8/5/19 21:55,-0.1053333,,,,
SL,8/16/21 4:30,0.437390637,6.558,24958.96445,KL,8/5/19 22:00,-0.1036667,10.14,33437.93,,
SL,8/16/21 4:45,0.515500626,6.482,24979.19446,KL,8/5/19 22:05,-0.1163333,,,,
SL,8/16/21 5:00,0.536350569,6.509,25012.85347,KL,8/5/19 22:10,-0.129,,,,
SL,8/16/21 5:15,0.505008617,6.434,25050.9003,KL,8/5/19 22:15,-0.1416667,10.055,33558.137,,
SL,8/16/21 5:30,0.56314058,6.433,24984.25222,KL,8/5/19 22:20,-0.1466667,,,,
SL,8/16/21 5:45,0.571728594,6.446,25091.10857,KL,8/5/19 22:25,-0.1516667,,,,
SL,8/16/21 6:00,0.594174542,6.415,25039.94907,KL,8/5/19 22:30,-0.1566667,9.997,33592.07,,
SL,8/16/21 6:15,0.586972544,6.488,22996.53836,KL,8/5/19 22:35,-0.1603333,,,,
SL,8/16/21 6:30,0.605080535,6.495,23308.93793,KL,8/5/19 22:40,-0.164,,,,
SL,8/16/21 6:45,0.563092635,6.574,23039.36783,KL,8/5/19 22:45,-0.1676667,9.907,33808.723,,
SL,8/16/21 7:00,0.644778537,6.576,22950.34203,KL,8/5/19 22:50,-0.171,,,,
SL,8/16/21 7:15,0.664462555,6.519,22910.14943,KL,8/5/19 22:55,-0.1743333,,,,
SL,8/16/21 7:30,0.679522487,6.59,22554.28933,KL,8/5/19 23:00,-0.1776667,9.69,34960.191,,
SL,8/16/21 7:45,0.683240467,6.627,22380.24473,KL,8/5/19 23:05,-0.1796667,,,,
SL,8/16/21 8:00,0.670970546,6.617,22390.48613,KL,8/5/19 23:10,-0.1816667,,,,
SL,8/16/21 8:15,0.658428481,6.595,22607.21633,KL,8/5/19 23:15,-0.1836667,9.663,35082.223,,
SL,8/16/21 8:30,0.689218492,6.544,23085.37281,KL,8/5/19 23:20,-0.187,,,,
SL,8/16/21 8:45,0.684116494,6.543,22732.93599,KL,8/5/19 23:25,-0.1903333,,,,
SL,8/16/21 9:00,0.691918492,6.527,22814.25445,KL,8/5/19 23:30,-0.1936667,9.657,35098.633,,
SL,8/16/21 9:15,0.663544462,6.496,22697.16789,KL,8/5/19 23:35,-0.189,,,,
SL,8/16/21 9:30,0.659482419,6.477,22799.66325,KL,8/5/19 23:40,-0.1843333,,,,
SL,8/16/21 9:45,0.679556336,6.475,22905.6394,KL,8/5/19 23:45,-0.1796667,9.506,36046.156,,
SL,8/16/21 10:00,0.666384417,6.483,22950.16358,KL,8/5/19 23:50,-0.1883333,,,,
SL,8/16/21 10:15,0.690370433,6.541,22994.83212,KL,8/5/19 23:55,-0.197,,,,
SL,8/16/21 10:30,0.655174428,6.591,22983.28638,KL,8/6/19 0:00,-0.2056667,9.421,36380.219,,
SL,8/16/21 10:45,0.685748458,6.634,23061.89543,KL,8/6/19 0:05,-0.207,,,,
SL,8/16/21 11:00,0.681948458,6.635,23054.68627,KL,8/6/19 0:10,-0.2083333,,,,
SL,8/16/21 11:15,0.641862442,6.652,23234.2348,KL,8/6/19 0:15,-0.2096667,9.388,36611.996,,
SL,8/16/21 11:30,0.646414496,6.668,23147.65694,KL,8/6/19 0:20,-0.212,,,,
SL,8/16/21 11:45,0.646338469,6.709,23292.756,KL,8/6/19 0:25,-0.2143333,,,,
SL,8/16/21 12:00,0.646512385,6.715,23239.31893,KL,8/6/19 0:30,-0.2166667,9.357,36757.406,,
SL,8/16/21 12:15,0.616716381,6.725,23260.99291,KL,8/6/19 0:35,-0.2166667,,,,
SL,8/16/21 12:30,0.626356449,6.733,23202.97482,KL,8/6/19 0:40,-0.2166667,,,,
SL,8/16/21 12:45,0.64952637,6.797,23414.63031,KL,8/6/19 0:45,-0.2166667,9.3,37406.434,,
SL,8/16/21 13:00,0.616542351,6.775,23214.47679,KL,8/6/19 0:50,-0.22,,,,
SL,8/16/21 13:15,0.645800399,6.777,23207.50858,KL,8/6/19 0:55,-0.2233333,,,,
SL,8/16/21 13:30,0.623250342,6.813,23229.34021,KL,8/6/19 1:00,-0.2266667,9.246,37585.281,,
SL,8/16/21 13:45,0.624974428,6.852,23552.9951,KL,8/6/19 1:05,-0.2233333,,,,
SL,8/16/21 14:00,0.614844349,6.828,24110.8458,KL,8/6/19 1:10,-0.22,,,,
SL,8/16/21 14:15,0.61272637,6.82,24376.64991,KL,8/6/19 1:15,-0.2166667,9.23,37569.484,,
SL,8/16/21 14:30,0.623364326,6.815,23470.53277,KL,8/6/19 1:20,-0.2226667,,,,
SL,8/16/21 14:45,0.604920376,6.812,23375.61298,KL,8/6/19 1:25,-0.2286667,,,,
SL,8/16/21 15:00,0.619012272,6.856,23581.58589,KL,8/6/19 1:30,-0.2346667,9.207,37645.047,,
SL,8/16/21 15:15,0.61115822,6.88,23420.16939,KL,8/6/19 1:35,-0.2346667,,,,
SL,8/16/21 15:30,0.632156222,6.895,23695.8771,KL,8/6/19 1:40,-0.2346667,,,,
SL,8/16/21 15:45,0.61549629,6.93,24149.38929,KL,8/6/19 1:45,-0.2346667,9.092,37681.535,,
SL,8/16/21 16:00,0.600304281,6.96,24180.38173,KL,8/6/19 1:50,-0.235,,,,
SL,8/16/21 16:15,0.593732249,6.993,24295.3146,KL,8/6/19 1:55,-0.2353333,,,,
SL,8/16/21 16:30,0.631388299,7.036,24086.18429,KL,8/6/19 2:00,-0.2356667,8.946,37597.527,,
SL,8/16/21 16:45,0.570790297,7.019,23918.14235,KL,8/6/19 2:05,-0.228,,,,
SL,8/16/21 17:00,0.595292181,7.011,23784.32414,KL,8/6/19 2:10,-0.2203333,,,,
SL,8/16/21 17:15,0.6032762,7.015,23630.01718,KL,8/6/19 2:15,-0.2126667,8.872,37480.531,,
SL,8/16/21 17:30,0.564304168,7.045,23573.25636,KL,8/6/19 2:20,-0.225,,,,
SL,8/16/21 17:45,0.592956222,7.008,23331.66708,KL,8/6/19 2:25,-0.2373333,,,,
SL,8/16/21 18:00,0.578292181,7.008,23282.77306,KL,8/6/19 2:30,-0.2496667,8.873,37520.949,,
SL,8/16/21 18:15,0.551308163,6.994,23239.9825,KL,8/6/19 2:35,-0.2453333,,,,
SL,8/16/21 18:30,0.563436132,6.991,23223.40658,KL,8/6/19 2:40,-0.241,,,,
SL,8/16/21 18:45,0.551222147,7.005,23227.15201,KL,8/6/19 2:45,-0.2366667,8.89,37475.363,,
SL,8/16/21 19:00,0.561890184,7.024,23251.93605,KL,8/6/19 2:50,-0.2323333,,,,
SL,8/16/21 19:15,0.567624145,7.041,23276.27103,KL,8/6/19 2:55,-0.228,,,,
SL,8/16/21 19:30,0.535844122,7.024,23241.00674,KL,8/6/19 3:00,-0.2236667,8.875,37507.664,,
SL,8/16/21 19:45,0.530784077,7.03,23237.43366,KL,8/6/19 3:05,-0.224,,,,
SL,8/16/21 20:00,0.517168095,7.007,23236.47952,KL,8/6/19 3:10,-0.2243333,,,,
SL,8/16/21 20:15,0.519310048,6.984,23244.12206,KL,8/6/19 3:15,-0.2246667,8.88,37586.016,,
SL,8/16/21 20:30,0.504658107,6.969,23279.11414,KL,8/6/19 3:20,-0.2193333,,,,
SL,8/16/21 20:45,0.499692068,6.964,23320.76711,KL,8/6/19 3:25,-0.214,,,,
SL,8/16/21 21:00,0.488558107,6.961,23192.79747,KL,8/6/19 3:30,-0.2086667,8.858,37615.336,,
SL,8/16/21 21:15,0.468998061,6.95,23110.95462,KL,8/6/19 3:35,-0.2146667,,,,
SL,8/16/21 21:30,0.464940014,6.933,23070.49134,KL,8/6/19 3:40,-0.2206667,,,,
SL,8/16/21 21:45,0.451996177,6.904,23099.29789,KL,8/6/19 3:45,-0.2266667,8.829,37671.973,,
SL,8/16/21 22:00,0.451692068,6.851,23051.70952,KL,8/6/19 3:50,-0.22,,,,
SL,8/16/21 22:15,0.437742125,6.837,23210.2585,KL,8/6/19 3:55,-0.2133333,,,,
SL,8/16/21 22:30,0.415662102,6.745,23063.31706,KL,8/6/19 4:00,-0.2066667,8.827,37714.82,,
SL,8/16/21 22:45,0.419252113,6.688,22977.94118,KL,8/6/19 4:05,-0.2053333,,,,
SL,8/16/21 23:00,0.409616154,6.798,22839.48676,KL,8/6/19 4:10,-0.204,,,,
SL,8/16/21 23:15,0.422758107,6.743,22735.0912,KL,8/6/19 4:15,-0.2026667,8.763,37706.258,,
SL,8/16/21 23:30,0.39492015,6.664,22720.59752,KL,8/6/19 4:20,-0.2013333,,,,
SL,8/16/21 23:45,0.404070093,6.679,22666.27734,KL,8/6/19 4:25,-0.2,,,,
SL,8/17/21 0:00,0.353278084,6.695,22612.55719,KL,8/6/19 4:30,-0.1986667,8.731,37708.816,,
SL,8/17/21 0:15,0.369054111,6.695,22596.93958,KL,8/6/19 4:35,-0.1946667,,,,
SL,8/17/21 0:30,0.355926143,6.539,22715.05121,KL,8/6/19 4:40,-0.1906667,,,,
SL,8/17/21 0:45,0.362056109,6.498,22758.27037,KL,8/6/19 4:45,-0.1866667,8.731,37737.875,,
SL,8/17/21 1:00,0.362438129,6.413,22768.28065,KL,8/6/19 4:50,-0.185,,,,
SL,8/17/21 1:15,0.35390217,6.478,22746.52138,KL,8/6/19 4:55,-0.1833333,,,,
SL,8/17/21 1:30,0.346472204,6.56,22740.33587,KL,8/6/19 5:00,-0.1816667,8.731,37745.652,,
SL,8/17/21 1:45,0.377418152,6.44,22865.61705,KL,8/6/19 5:05,-0.1773333,,,,
SL,8/17/21 2:00,0.355088186,6.531,22863.6897,KL,8/6/19 5:10,-0.173,,,,
SL,8/17/21 2:15,0.370318152,6.493,22914.45718,KL,8/6/19 5:15,-0.1686667,8.78,37779.094,,
SL,8/17/21 2:30,0.358800172,6.5,22919.84127,KL,8/6/19 5:20,-0.1643333,,,,
SL,8/17/21 2:45,0.371898175,6.506,22810.09966,KL,8/6/19 5:25,-0.16,,,,
SL,8/17/21 3:00,0.375536132,6.495,22843.78473,KL,8/6/19 5:30,-0.1556667,8.79,37751.188,,
SL,8/17/21 3:15,0.381982193,6.487,22917.71207,KL,8/6/19 5:35,-0.1536667,,,,
SL,8/17/21 3:30,0.385578197,6.468,22879.59197,KL,8/6/19 5:40,-0.1516667,,,,
SL,8/17/21 3:45,0.399962215,6.462,22928.77122,KL,8/6/19 5:45,-0.1496667,8.769,37755.434,,
SL,8/17/21 4:00,0.399236245,6.412,22926.74774,KL,8/6/19 5:50,-0.146,,,,
SL,8/17/21 4:15,0.419052227,6.384,22899.56666,KL,8/6/19 5:55,-0.1423333,,,,
SL,8/17/21 4:30,0.41155822,6.37,22879.98087,KL,8/6/19 6:00,-0.1386667,8.699,37758.594,,
SL,8/17/21 4:45,0.469432249,6.332,22883.79293,KL,8/6/19 6:05,-0.1323333,,,,
SL,8/17/21 5:00,0.400036245,6.383,22882.77093,KL,8/6/19 6:10,-0.126,,,,
SL,8/17/21 5:15,0.422304281,6.333,22875.56251,KL,8/6/19 6:15,-0.1196667,8.443,37754.484,,
SL,8/17/21 5:30,0.464234247,6.254,22895.46938,KL,8/6/19 6:20,-0.1173333,,,,
SL,8/17/21 5:45,0.442488299,6.24,22883.16261,KL,8/6/19 6:25,-0.115,,,,
SL,8/17/21 6:00,0.487564326,6.213,22853.61868,KL,8/6/19 6:30,-0.1126667,8.486,37818.895,,
SL,8/17/21 6:15,0.472456336,6.201,22871.22208,KL,8/6/19 6:35,-0.105,,,,
SL,8/17/21 6:30,0.511804281,6.137,22877.60542,KL,8/6/19 6:40,-0.0973333,,,,
SL,8/17/21 6:45,0.521672317,6.176,22694.70105,KL,8/6/19 6:45,-0.0896667,8.512,37802.918,,
SL,8/17/21 7:00,0.539144349,6.232,22509.12526,KL,8/6/19 6:50,-0.0886667,,,,
SL,8/17/21 7:15,0.53590839,6.212,22465.39792,KL,8/6/19 6:55,-0.0876667,,,,
SL,8/17/21 7:30,0.535828367,6.242,22357.4035,KL,8/6/19 7:00,-0.0866667,8.466,37800.75,,
SL,8/17/21 7:45,0.501600399,6.329,22252.86476,KL,8/6/19 7:05,-0.0786667,,,,
SL,8/17/21 8:00,0.535552453,6.196,22372.25926,KL,8/6/19 7:10,-0.0706667,,,,
SL,8/17/21 8:15,0.567724485,6.175,22354.93184,KL,8/6/19 7:15,-0.0626667,8.402,37811.98,,
SL,8/17/21 8:30,0.546150456,6.211,22357.50216,KL,8/6/19 7:20,-0.056,,,,
SL,8/17/21 8:45,0.543348458,6.141,22566.23101,KL,8/6/19 7:25,-0.0493333,,,,
SL,8/17/21 9:00,0.54700251,6.122,22554.7844,KL,8/6/19 7:30,-0.0426667,8.506,37830.379,,
SL,8/17/21 9:15,0.550172431,6.074,22727.5214,KL,8/6/19 7:35,-0.046,,,,
SL,8/17/21 9:30,0.545196517,6.047,22720.55271,KL,8/6/19 7:40,-0.0493333,,,,
SL,8/17/21 9:45,0.542628481,6.033,22694.55096,KL,8/6/19 7:45,-0.0526667,8.451,37869.555,,
SL,8/17/21 10:00,0.528732476,6.05,22634.94364,KL,8/6/19 7:50,-0.0503333,,,,
SL,8/17/21 10:15,0.544698515,6.019,22622.90854,KL,8/6/19 7:55,-0.048,,,,
SL,8/17/21 10:30,0.545232476,6.043,22606.22363,KL,8/6/19 8:00,-0.0456667,8.43,37828.855,,
SL,8/17/21 10:45,0.53827654,6.063,22586.03483,KL,8/6/19 8:05,-0.0576667,,,,
SL,8/17/21 11:00,0.527550569,6.109,22500.24109,KL,8/6/19 8:10,-0.0696667,,,,
SL,8/17/21 11:15,0.507264666,6.139,22427.50249,KL,8/6/19 8:15,-0.0816667,8.442,37784.5,,
SL,8/17/21 11:30,0.523344576,6.183,22364.10865,KL,8/6/19 8:19,-0.0866667,,,,
SL,8/17/21 11:45,0.493490637,6.215,22353.0354,KL,8/6/19 8:24,-0.0916667,,,,
SL,8/17/21 12:00,0.47979663,6.231,22332.77833,KL,8/6/19 8:29,-0.0966667,8.508,37750.285,,
SL,8/17/21 12:15,0.46777066,6.223,22395.66986,KL,8/6/19 8:34,-0.1006667,,,,
SL,8/17/21 12:30,0.457854564,6.149,22484.67045,KL,8/6/19 8:39,-0.1046667,,,,
,,,,,KL,8/6/19 8:44,-0.1086667,8.59,37737.66,,
,,,,,KL,8/6/19 8:49,-0.0993333,,,,
,,,,,KL,8/6/19 8:54,-0.09,,,,
,,,,,KL,8/6/19 8:59,-0.0806667,8.632,37806.555,,
,,,,,KL,8/6/19 9:04,-0.0986667,,,,
,,,,,KL,8/6/19 9:09,-0.1166667,,,,
,,,,,KL,8/6/19 9:14,-0.1346667,8.717,36092.188,,
,,,,,KL,8/6/19 9:19,-0.1273333,,,,
,,,,,KL,8/6/19 9:24,-0.12,,,,
,,,,,KL,8/6/19 9:29,-0.1126667,8.743,36180.059,,
,,,,,KL,8/6/19 9:34,-0.1126667,,,,
,,,,,KL,8/6/19 9:39,-0.1126667,,,,
,,,,,KL,8/6/19 9:44,-0.1126667,8.793,36822.566,,
,,,,,KL,8/6/19 9:49,-0.1156667,,,,
,,,,,KL,8/6/19 9:54,-0.1186667,,,,
,,,,,KL,8/6/19 9:59,-0.1216667,8.832,35318.711,,
,,,,,KL,8/6/19 10:04,-0.1256667,,,,
,,,,,KL,8/6/19 10:09,-0.1296667,,,,
,,,,,KL,8/6/19 10:14,-0.1336667,8.827,35439.695,,
,,,,,KL,8/6/19 10:19,-0.1326667,,,,
,,,,,KL,8/6/19 10:24,-0.1316667,,,,
,,,,,KL,8/6/19 10:29,-0.1306667,8.815,35974.719,,
,,,,,KL,8/6/19 10:34,-0.1386667,,,,
,,,,,KL,8/6/19 10:39,-0.1466667,,,,
,,,,,KL,8/6/19 10:44,-0.1546667,8.724,35867.781,,
,,,,,KL,8/6/19 10:49,-0.1496667,,,,
,,,,,KL,8/6/19 10:54,-0.1446667,,,,
,,,,,KL,8/6/19 10:59,-0.1396667,8.629,36190.227,,
,,,,,KL,8/6/19 11:04,-0.1426667,,,,
,,,,,KL,8/6/19 11:09,-0.1456667,,,,
,,,,,KL,8/6/19 11:14,-0.1486667,8.436,35382.172,,
,,,,,KL,8/6/19 11:19,-0.1513333,,,,
,,,,,KL,8/6/19 11:24,-0.154,,,,
,,,,,KL,8/6/19 11:29,-0.1566667,8.516,35413.754,,
,,,,,KL,8/6/19 11:34,-0.158,,,,
,,,,,KL,8/6/19 11:39,-0.1593333,,,,
,,,,,KL,8/6/19 11:44,-0.1606667,8.607,35893.523,,
,,,,,KL,8/6/19 11:49,-0.1666667,,,,
,,,,,KL,8/6/19 11:54,-0.1726667,,,,
,,,,,KL,8/6/19 11:59,-0.1786667,8.669,36388.453,,
,,,,,KL,8/6/19 12:04,-0.181,,,,
,,,,,KL,8/6/19 12:09,-0.1833333,,,,
,,,,,KL,8/6/19 12:14,-0.1856667,8.782,36022.355,,
,,,,,KL,8/6/19 12:19,-0.1866667,,,,
,,,,,KL,8/6/19 12:24,-0.1876667,,,,
,,,,,KL,8/6/19 12:29,-0.1886667,8.826,35836.887,,
,,,,,KL,8/6/19 12:34,-0.1986667,,,,
,,,,,KL,8/6/19 12:39,-0.2086667,,,,
,,,,,KL,8/6/19 12:44,-0.2186667,8.872,35560.25,,
,,,,,KL,8/6/19 12:49,-0.2213333,,,,
,,,,,KL,8/6/19 12:54,-0.224,,,,
,,,,,KL,8/6/19 12:59,-0.2266667,8.85,36324.684,,
,,,,,KL,8/6/19 13:04,-0.2233333,,,,
,,,,,KL,8/6/19 13:09,-0.22,,,,
,,,,,KL,8/6/19 13:14,-0.2166667,8.919,34826.313,,
,,,,,KL,8/6/19 13:19,-0.2306667,,,,
,,,,,KL,8/6/19 13:24,-0.2446667,,,,
,,,,,KL,8/6/19 13:29,-0.2586667,8.932,34466.566,,
,,,,,KL,8/6/19 13:34,-0.2506667,,,,
,,,,,KL,8/6/19 13:39,-0.2426667,,,,
,,,,,KL,8/6/19 13:44,-0.2346667,8.984,33803.203,,
,,,,,KL,8/6/19 13:49,-0.2353333,,,,
,,,,,KL,8/6/19 13:54,-0.236,,,,
,,,,,KL,8/6/19 13:59,-0.2366667,9.051,33979.086,,
,,,,,KL,8/6/19 14:04,-0.2463333,,,,
,,,,,KL,8/6/19 14:09,-0.256,,,,
,,,,,KL,8/6/19 14:14,-0.2656667,9.425,34359.313,,
,,,,,KL,8/6/19 14:19,-0.2706667,,,,
,,,,,KL,8/6/19 14:24,-0.2756667,,,,
,,,,,KL,8/6/19 14:29,-0.2806667,9.364,34411.723,,
,,,,,KL,8/6/19 14:34,-0.2766667,,,,
,,,,,KL,8/6/19 14:39,-0.2726667,,,,
,,,,,KL,8/6/19 14:44,-0.2686667,9.477,30216.74,,
,,,,,KL,8/6/19 14:49,-0.2733333,,,,
,,,,,KL,8/6/19 14:54,-0.278,,,,
,,,,,KL,8/6/19 14:59,-0.2826667,9.491,33622.344,,
,,,,,KL,8/6/19 15:04,-0.2733333,,,,
,,,,,KL,8/6/19 15:09,-0.264,,,,
,,,,,KL,8/6/19 15:14,-0.2546667,9.451,31006.686,,
,,,,,KL,8/6/19 15:19,-0.2616667,,,,
,,,,,KL,8/6/19 15:24,-0.2686667,,,,
,,,,,KL,8/6/19 15:29,-0.2756667,9.504,32087.781,,
,,,,,KL,8/6/19 15:34,-0.271,,,,
,,,,,KL,8/6/19 15:39,-0.2663333,,,,
,,,,,KL,8/6/19 15:44,-0.2616667,9.51,32357.494,,
,,,,,KL,8/6/19 15:49,-0.2586667,,,,
,,,,,KL,8/6/19 15:54,-0.2556667,,,,
,,,,,KL,8/6/19 15:59,-0.2526667,9.702,31551.154,,
,,,,,KL,8/6/19 16:04,-0.2466667,,,,
,,,,,KL,8/6/19 16:09,-0.2406667,,,,
,,,,,KL,8/6/19 16:14,-0.2346667,9.545,32212.566,,
,,,,,KL,8/6/19 16:19,-0.2423333,,,,
,,,,,KL,8/6/19 16:24,-0.25,,,,
,,,,,KL,8/6/19 16:29,-0.2576667,9.711,31330.182,,
,,,,,KL,8/6/19 16:34,-0.2603333,,,,
,,,,,KL,8/6/19 16:39,-0.263,,,,
,,,,,KL,8/6/19 16:44,-0.2656667,9.821,30848.205,,
,,,,,KL,8/6/19 16:49,-0.2523333,,,,
,,,,,KL,8/6/19 16:54,-0.239,,,,
,,,,,KL,8/6/19 16:59,-0.2256667,9.773,29775.387,,
,,,,,KL,8/6/19 17:04,-0.2436667,,,,
,,,,,KL,8/6/19 17:09,-0.2616667,,,,
,,,,,KL,8/6/19 17:14,-0.2796667,9.805,30904.605,,
,,,,,KL,8/6/19 17:19,-0.2566667,,,,
,,,,,KL,8/6/19 17:24,-0.2336667,,,,
,,,,,KL,8/6/19 17:29,-0.2106667,9.745,31082.617,,
,,,,,KL,8/6/19 17:34,-0.211,,,,
,,,,,KL,8/6/19 17:39,-0.2113333,,,,
,,,,,KL,8/6/19 17:44,-0.2116667,9.735,30386.139,,
,,,,,KL,8/6/19 17:49,-0.2153333,,,,
,,,,,KL,8/6/19 17:54,-0.219,,,,
,,,,,KL,8/6/19 17:59,-0.2226667,9.703,31492.359,,
,,,,,KL,8/6/19 18:04,-0.2126667,,,,
,,,,,KL,8/6/19 18:09,-0.2026667,,,,
,,,,,KL,8/6/19 18:14,-0.1926667,9.705,31046.467,,
,,,,,KL,8/6/19 18:19,-0.187,,,,
,,,,,KL,8/6/19 18:24,-0.1813333,,,,
,,,,,KL,8/6/19 18:29,-0.1756667,9.66,31485.953,,
,,,,,KL,8/6/19 18:34,-0.184,,,,
,,,,,KL,8/6/19 18:39,-0.1923333,,,,
,,,,,KL,8/6/19 18:44,-0.2006667,9.739,30768.85,,
,,,,,KL,8/6/19 18:49,-0.19,,,,
,,,,,KL,8/6/19 18:54,-0.1793333,,,,
,,,,,KL,8/6/19 18:59,-0.1686667,9.695,30355.342,,
,,,,,KL,8/6/19 19:04,-0.1746667,,,,
,,,,,KL,8/6/19 19:09,-0.1806667,,,,
,,,,,KL,8/6/19 19:14,-0.1866667,9.739,31312.955,,
,,,,,KL,8/6/19 19:19,-0.1863333,,,,
,,,,,KL,8/6/19 19:24,-0.186,,,,
,,,,,KL,8/6/19 19:29,-0.1856667,9.723,30894.131,,
,,,,,KL,8/6/19 19:34,-0.1863333,,,,
,,,,,KL,8/6/19 19:39,-0.187,,,,
,,,,,KL,8/6/19 19:44,-0.1876667,9.75,32650.443,,
,,,,,KL,8/6/19 19:49,-0.186,,,,
,,,,,KL,8/6/19 19:54,-0.1843333,,,,
,,,,,KL,8/6/19 19:59,-0.1826667,9.79,31454.016,,
,,,,,KL,8/6/19 20:04,-0.1816667,,,,
,,,,,KL,8/6/19 20:09,-0.1806667,,,,
,,,,,KL,8/6/19 20:14,-0.1796667,9.799,32361.461,,